run	seq	delta	used	total	credit	top	over	tier0	tier1	opened	win0	win1	armed0	recorder	incp	kernel	wd	vm	jst	fk	ffid	at	pcsrc	ctx	cat	hook	gcst	lends	proofs
	1	64	535818	518818	16384	535202	680	0	1	1	2	0	0	0	0	0	1	INTERP	IDLE	lua	0	=machine:1261	1	-	?:-1	0	0	5	185
	2	64	552386	518818	32768	551586	864	1	1	0	2	0	0	0	0	0	1	INTERP	IDLE	lua	0	=machine:1261	1	-	?:-1	0	0	49	244
	3	28	551782	518818	32768	551586	224	1	1	0	2	0	0	0	0	0	1	INTERP	IDLE	ff	19	=/mnt/561/autorun.lua:29	2	-	?:-1	0	0	53	251
	1	40	534594	518142	16384	534526	108	0	1	1	2	0	0	0	0	0	1	INTERP	IDLE	lua	0	=/mnt/a64/autorun.lua:29	1	-	?:-1	0	0	8	213
	1	52	535336	518818	16384	535202	186	0	1	1	2	0	0	0	0	0	1	INTERP	IDLE	lua	0	=/mnt/4ca/autorun.lua:29	1	-	?:-1	0	0	12	158
	1	64	535842	518818	16384	535202	704	0	1	1	2	0	0	0	0	0	1	INTERP	IDLE	lua	0	=machine:1261	1	-	?:-1	0	0	4	204
	2	64	551670	518818	32768	551586	148	1	1	0	2	0	0	0	0	0	1	INTERP	IDLE	lua	0	=machine:1280	1	-	?:-1	0	0	13	241
	3	64	551674	518818	32768	551586	152	1	1	0	2	0	0	0	0	0	1	INTERP	IDLE	lua	0	=machine:1280	1	-	?:-1	0	0	25	256
	4	64	551850	518818	32768	551586	328	1	1	0	2	0	0	0	0	0	1	INTERP	IDLE	lua	0	=/mnt/a1b/autorun.lua:31	1	-	?:-1	0	0	27	260
	1	28	535874	518818	16384	535202	700	0	1	1	2	0	0	0	0	0	1	INTERP	IDLE	ff	19	=/mnt/fa7/autorun.lua:29	2	-	?:-1	0	0	2	215
	1	64	534950	518142	16384	534526	488	0	1	1	2	0	0	0	0	0	1	INTERP	IDLE	lua	0	=machine:1261	1	-	?:-1	0	0	7	197
	2	64	551038	518142	32768	550910	192	1	1	0	2	0	0	0	0	0	1	INTERP	IDLE	lua	0	=machine:1261	1	-	?:-1	0	0	16	251
	3	40	550986	518142	32768	550910	116	1	1	0	2	0	0	0	0	0	1	INTERP	IDLE	lua	0	=/mnt/700/autorun.lua:29	1	-	?:-1	0	0	20	265
	1	52	535336	518818	16384	535202	186	0	1	1	2	0	0	0	0	0	1	INTERP	IDLE	lua	0	=/mnt/d62/autorun.lua:29	1	-	?:-1	0	0	12	150
	1	64	536034	518818	16384	535202	896	0	1	1	2	0	0	0	0	0	1	INTERP	IDLE	lua	0	=machine:1261	1	-	?:-1	0	0	19	193
	2	28	551938	518818	32768	551586	380	1	1	0	2	0	0	0	0	0	1	INTERP	IDLE	ff	19	=/mnt/3d1/autorun.lua:29	2	-	?:-1	0	0	29	227
	1	28	536398	518142	16384	534526	1900	0	1	1	2	0	0	0	0	0	1	INTERP	IDLE	ff	19	=/mnt/944/autorun.lua:29	2	-	?:-1	0	0	4	195
	1	52	535308	518818	16384	535202	158	0	1	1	2	0	0	0	0	0	1	INTERP	IDLE	lua	0	=/mnt/e00/autorun.lua:46	1	-	?:-1	0	0	38	159
	1	64	535314	518818	16384	535202	176	0	1	1	2	0	0	0	0	0	1	INTERP	IDLE	lua	0	=machine:1261	1	-	?:-1	0	0	6	177
	2	64	551686	518818	32768	551586	164	1	1	0	2	0	0	0	0	0	1	INTERP	IDLE	lua	0	=machine:1261	1	-	?:-1	0	0	10	209
	3	64	552366	518818	32768	551586	844	1	1	0	2	0	0	0	0	0	1	INTERP	IDLE	lua	0	=machine:1261	1	-	?:-1	0	0	19	237
	4	64	551802	518818	32768	551586	280	1	1	0	2	0	0	0	0	0	1	INTERP	IDLE	lua	0	=machine:1280	1	-	?:-1	0	0	32	255
	5	64	551978	518818	32768	551586	456	1	1	0	2	0	0	0	0	0	1	INTERP	IDLE	lua	0	=/mnt/0cd/autorun.lua:31	1	-	?:-1	0	0	35	259
	1	56	534762	518142	16384	534526	292	0	1	1	2	0	0	0	0	0	1	INTERP	IDLE	lua	0	=machine:117	1	-	?:-1	0	0	12	196
	2	52	550978	518142	32768	550910	120	1	1	0	2	0	0	0	0	0	1	INTERP	IDLE	lua	0	=/mnt/451/autorun.lua:46	1	-	?:-1	0	0	15	229
	1	88	535304	518818	16384	535202	190	0	1	1	2	0	0	0	0	0	1	INTERP	IDLE	lua	0	=/mnt/f17/autorun.lua:31	1	-	?:-1	0	0	31	150
	1	64	535274	518818	16384	535202	136	0	1	1	2	0	0	0	0	0	1	INTERP	IDLE	lua	0	=machine:1261	1	-	?:-1	0	0	7	192
	2	56	552450	518818	32768	551586	920	1	1	0	2	0	0	0	0	0	1	INTERP	IDLE	lua	0	=machine:117	1	-	?:-1	0	0	23	245
	3	88	551666	518818	32768	551586	168	1	1	0	2	0	0	0	0	0	1	INTERP	IDLE	lua	0	=/mnt/c05/autorun.lua:31	1	-	?:-1	0	0	29	256
	1	64	534658	518142	16384	534526	196	0	1	1	2	0	0	0	0	0	1	INTERP	IDLE	lua	0	=machine:1280	1	-	?:-1	0	0	16	213
	2	64	551226	518142	32768	550910	380	1	1	0	2	0	0	0	0	0	1	INTERP	IDLE	lua	0	=machine:1261	1	-	?:-1	0	0	23	248
	3	88	550990	518142	32768	550910	168	1	1	0	2	0	0	0	0	0	1	INTERP	IDLE	lua	0	=/mnt/113/autorun.lua:31	1	-	?:-1	0	0	29	262
	1	88	535304	518818	16384	535202	190	0	1	1	2	0	0	0	0	0	1	INTERP	IDLE	lua	0	=/mnt/623/autorun.lua:31	1	-	?:-1	0	0	59	173
	1	64	535546	518818	16384	535202	408	0	1	1	2	0	0	0	0	0	1	INTERP	IDLE	lua	0	=machine:1261	1	-	?:-1	0	0	32	233
	2	28	551990	518818	32768	551586	432	1	1	0	2	0	0	0	0	0	1	INTERP	IDLE	ff	19	=/mnt/7e6/autorun.lua:29	2	-	?:-1	0	0	38	258
	1	64	535634	518818	16384	535202	496	0	1	1	2	0	0	0	0	0	1	INTERP	IDLE	lua	0	=machine:1261	1	-	?:-1	0	0	6	211
	2	64	551694	518818	32768	551586	172	1	1	0	2	0	0	0	0	0	1	INTERP	IDLE	lua	0	=machine:1280	1	-	?:-1	0	0	17	252
	3	28	553386	518818	32768	551586	1828	1	1	0	2	0	0	0	0	0	1	INTERP	IDLE	ff	19	=/mnt/339/autorun.lua:29	2	-	?:-1	0	0	21	261
	1	64	535458	518818	16384	535202	320	0	1	1	2	0	0	0	0	0	1	INTERP	IDLE	lua	0	=machine:1261	1	-	?:-1	0	0	4	208
	2	64	551790	518818	32768	551586	268	1	1	0	2	0	0	0	0	0	1	INTERP	IDLE	lua	0	=machine:1261	1	-	?:-1	0	0	8	239
	3	56	552878	518818	32768	551586	1348	1	1	0	2	0	0	0	0	0	1	INTERP	IDLE	lua	0	=machine:117	1	-	?:-1	0	0	12	240
	4	52	551702	518818	32768	551586	168	1	1	0	2	0	0	0	0	0	1	INTERP	IDLE	lua	0	=/mnt/884/autorun.lua:46	1	-	?:-1	0	0	19	252
	1	64	535794	518818	16384	535202	656	0	1	1	2	0	0	0	0	0	1	INTERP	IDLE	lua	0	=machine:1261	1	-	?:-1	0	0	14	216
	2	64	552402	518818	32768	551586	880	1	1	0	2	0	0	0	0	0	1	INTERP	IDLE	lua	0	=machine:1261	1	-	?:-1	0	0	30	258
	3	52	551698	518818	32768	551586	164	1	1	0	2	0	0	0	0	0	1	INTERP	IDLE	lua	0	=/mnt/cc5/autorun.lua:46	1	-	?:-1	0	0	76	302
	1	16384	525076	518818	16384	535202	6258	0	1	1	0	0	0	0	0	0	1	INTERP	IDLE	lua	0	=/mnt/c18/autorun.lua:44	1	-	?:-1	0	0	0	471
	1	16384	524976	518818	16384	535202	6158	0	1	1	0	0	0	0	0	0	1	INTERP	IDLE	lua	0	=/mnt/61f/autorun.lua:44	1	-	?:-1	0	0	0	442
	1	16384	523760	518818	16384	535202	4942	0	1	1	0	0	0	0	0	0	1	INTERP	IDLE	lua	0	=/mnt/a27/autorun.lua:44	1	-	?:-1	0	0	0	464
	1	16384	524020	518818	16384	535202	5202	0	1	1	0	0	0	0	0	0	1	INTERP	IDLE	lua	0	=/mnt/c52/autorun.lua:44	1	-	?:-1	0	0	0	518
	1	52	536560	518818	16384	535202	1410	0	1	1	2	0	0	0	0	0	1	INTERP	IDLE	lua	0	=/mnt/2f8/autorun.lua:29	1	-	?:-1	0	0	3	511
