A	mandelbrot	1	0.0377	0	0	mandelbrot/ok/37904620/2.0365/2.2590/852/3
B	mandelbrot	1	0.0179	0	0	mandelbrot/ok/37904620/0.8836/0.9469/948/3
C	mandelbrot	1	0.0030	0	0	mandelbrot/ok/37904620/0.1458/0.1605/850/3
A	sieve	1	0.0292	0	0	sieve/ok/4626000/2.7829/3.2001/719/3
B	sieve	1	0.0100	1	0	sieve/SKIP-LOWMEM/977KB_lt_1283KB/-1.0000/-1.0000/0/0
C	sieve	1	0.0047	1	0	sieve/SKIP-LOWMEM/909KB_lt_1283KB/-1.0000/-1.0000/0/0
A	binarytrees	1	0.0168	0	0	binarytrees/ok/7038400/2.3809/2.6421/817/3
B	binarytrees	1	0.0187	0	0	binarytrees/ok/7038400/0.8204/0.8775/852/3
C	binarytrees	1	0.0025	0	0	binarytrees/ok/7038400/0.6648/0.7323/714/3
A	trampoline	1	0.0183	0	0	trampoline/ok/247388/0.5649/0.5861/838/3
B	trampoline	1	0.0188	0	0	trampoline/ok/247388/0.7063/0.7557/949/3
C	trampoline	1	0.0027	0	0	trampoline/ok/247388/0.6537/0.6802/820/3
A	matmul	1	0.0331	0	0	matmul/ok/481.0000/3.5158/3.7145/852/3
B	matmul	1	0.0105	0	0	matmul/ok/481.0000/0.8214/1.4868/857/3
C	matmul	1	0.0048	0	0	matmul/ok/481.0000/0.2969/0.3165/753/3
A	strings2	1	0.0331	0	0	strings2/ok/12582912-3852468224/0.8912/1.5023/140/3
B	strings2	1	0.0165	0	0	strings2/ok/12582912-3852468224/1.2212/1.2492/795/3
C	strings2	1	0.0052	0	0	strings2/ok/12582912-3852468224/0.5892/0.6185/394/3
A	nqueens	1	0.0196	0	0	nqueens/ok/85200/2.3804/2.4171/847/3
B	nqueens	1	0.0167	0	0	nqueens/ok/85200/1.9356/2.0111/954/3
C	nqueens	1	0.0043	0	0	nqueens/ok/85200/1.3441/2.7598/730/3
A	sha256	1	0.0325	0	0	sha256/ok/4044b97490ea337483cb563ee4336c024272c962e86475de24c58abaade25a5d/1.3133/1.3771/815/3
B	sha256	1	0.0207	0	0	sha256/ok/4044b97490ea337483cb563ee4336c024272c962e86475de24c58abaade25a5d/2.0232/2.1615/911/3
C	sha256	1	0.0036	0	0	sha256/ok/4044b97490ea337483cb563ee4336c024272c962e86475de24c58abaade25a5d/0.0828/0.0927/791/3
A	mandelbrot	2	0.0342	0	0	mandelbrot/ok/37904620/2.0066/2.0444/852/3
B	mandelbrot	2	0.0175	0	0	mandelbrot/ok/37904620/0.8828/0.9439/932/3
C	mandelbrot	2	0.0042	0	0	mandelbrot/ok/37904620/0.1547/0.1616/813/3
A	sieve	2	0.0301	0	0	sieve/ok/4626000/2.5895/2.9724/633/3
B	sieve	2	0.0221	1	0	sieve/SKIP-LOWMEM/1009KB_lt_1283KB/-1.0000/-1.0000/0/0
C	sieve	2	0.0027	1	0	sieve/SKIP-LOWMEM/886KB_lt_1283KB/-1.0000/-1.0000/0/0
A	binarytrees	2	0.0325	0	0	binarytrees/ok/7038400/4.4798/4.9993/818/2
B	binarytrees	2	0.0173	0	0	binarytrees/ok/7038400/1.5395/1.6589/842/3
C	binarytrees	2	0.0039	0	0	binarytrees/ok/7038400/1.3590/1.5925/704/3
A	trampoline	2	0.0288	0	0	trampoline/ok/247388/1.0976/1.1888/833/3
B	trampoline	2	0.0173	0	0	trampoline/ok/247388/0.6935/0.7266/921/3
C	trampoline	2	0.0047	0	0	trampoline/ok/247388/0.6824/0.7008/890/3
A	matmul	2	0.0340	0	0	matmul/ok/481.0000/3.5791/3.6640/676/3
B	matmul	2	0.0173	0	0	matmul/ok/481.0000/1.4508/1.5199/878/3
C	matmul	2	0.0050	0	0	matmul/ok/481.0000/0.3319/0.3579/740/3
A	strings2	2	0.0390	0	0	strings2/ok/12582912-3852468224/1.9714/2.1057/117/3
B	strings2	2	0.0170	0	0	strings2/ok/12582912-3852468224/1.1959/1.2096/910/3
C	strings2	2	0.0033	0	0	strings2/ok/12582912-3852468224/0.6969/0.7060/476/2
A	nqueens	2	0.0334	0	0	nqueens/ok/85200/4.3585/4.4208/826/3
B	nqueens	2	0.0186	0	0	nqueens/ok/85200/1.9905/2.0247/945/3
C	nqueens	2	0.0049	0	0	nqueens/ok/85200/2.8677/2.9582/726/3
A	sha256	2	0.0336	0	0	sha256/ok/4044b97490ea337483cb563ee4336c024272c962e86475de24c58abaade25a5d/1.4448/1.4526/923/3
B	sha256	2	0.0187	0	0	sha256/ok/4044b97490ea337483cb563ee4336c024272c962e86475de24c58abaade25a5d/1.9857/2.0661/930/3
C	sha256	2	0.0049	0	0	sha256/ok/4044b97490ea337483cb563ee4336c024272c962e86475de24c58abaade25a5d/0.0901/0.0933/885/3
A	mandelbrot	3	0.0338	0	0	mandelbrot/ok/37904620/2.0547/2.2329/848/3
B	mandelbrot	3	0.0199	0	0	mandelbrot/ok/37904620/0.8973/0.9419/945/3
C	mandelbrot	3	0.0043	0	0	mandelbrot/ok/37904620/0.1551/0.1676/827/3
A	sieve	3	0.0301	0	0	sieve/ok/4626000/2.8584/3.0179/591/3
B	sieve	3	0.0181	1	0	sieve/SKIP-LOWMEM/979KB_lt_1283KB/-1.0000/-1.0000/0/0
C	sieve	3	0.0049	1	0	sieve/SKIP-LOWMEM/854KB_lt_1283KB/-1.0000/-1.0000/0/0
A	binarytrees	3	0.0406	0	0	binarytrees/ok/7038400/4.3992/4.4748/719/3
B	binarytrees	3	0.0180	0	0	binarytrees/ok/7038400/1.4971/1.6300/933/3
C	binarytrees	3	0.0051	0	0	binarytrees/ok/7038400/1.5181/1.7048/542/3
A	trampoline	3	0.0334	0	0	trampoline/ok/247388/1.2075/1.2875/829/3
B	trampoline	3	0.0189	0	0	trampoline/ok/247388/0.7347/0.8170/933/3
C	trampoline	3	0.0045	0	0	trampoline/ok/247388/0.7035/0.7458/816/3
A	matmul	3	0.0329	0	0	matmul/ok/481.0000/3.7713/3.8967/779/3
B	matmul	3	0.0178	0	0	matmul/ok/481.0000/1.5563/1.6800/886/3
C	matmul	3	0.0044	0	0	matmul/ok/481.0000/0.3109/0.3526/750/3
A	strings2	3	0.0332	0	0	strings2/ok/12582912-3852468224/1.7970/1.9397/166/3
B	strings2	3	0.0199	0	0	strings2/ok/12582912-3852468224/1.0813/1.1105/823/3
C	strings2	3	0.0041	0	0	strings2/ok/12582912-3852468224/0.6096/0.6802/729/3
A	nqueens	3	0.0178	0	0	nqueens/ok/85200/4.4159/4.5571/841/3
B	nqueens	3	0.0206	0	0	nqueens/ok/85200/1.9536/2.0103/1024/3
C	nqueens	3	0.0038	0	0	nqueens/ok/85200/2.8096/2.8886/733/3
A	sha256	3	0.0331	0	0	sha256/ok/4044b97490ea337483cb563ee4336c024272c962e86475de24c58abaade25a5d/2.5822/2.6513/893/3
B	sha256	3	0.0185	0	0	sha256/ok/4044b97490ea337483cb563ee4336c024272c962e86475de24c58abaade25a5d/1.9720/2.0666/1001/3
C	sha256	3	0.0035	0	0	sha256/ok/4044b97490ea337483cb563ee4336c024272c962e86475de24c58abaade25a5d/0.0877/0.0936/787/3
A	strings	1	0.0340	0	0	strings/ok/12582912-3852468224/1.8742/1.8742/658/1
B	strings	1	0.0168	0	0	strings/ok/12582912-3852468224/1.0777/1.0777/894/1
C	strings	1	0.0048	5	1	strings/pending/-/-1.0000/-1.0000/0/0
A	strings	2	0.0347	0	0	strings/ok/12582912-3852468224/2.0061/2.0061/631/1
B	strings	2	0.0178	0	0	strings/ok/12582912-3852468224/1.0963/1.0963/963/1
C	strings	2	0.0048	5	1	strings/pending/-/-1.0000/-1.0000/0/0
